Temperature,Humidity,WindSpeed,HourOfDay,ElectricityDemand
0.5840016218070656,0.5121814835002402,0.6189724103954247,0.5652173913043478,0.5839237832366249
0.3500805059511529,0.22688817359089442,0.036431917067971935,0.7391304347826086,0.6721374654356185
0.0752077682710246,0.172117736109627,0.8728037378937077,0.6086956521739131,0.5495792835248547
0.9177391990187822,0.21658632582918658,0.9760617374384968,0.043478260869565216,0.6959139165225905
0.12136468670249267,0.18214303714560964,0.9713915628977777,0.3913043478260869,0.4784978292038382
0.9513328284422891,0.7821764616585473,0.749357621022219,0.9565217391304348,0.4822769258232591
0.4368423988609693,0.3477306569941573,0.12185643145973192,0.4782608695652174,0.6588926163696425
0.17066196365818986,0.05205428650134991,0.758079282366372,0.6956521739130435,0.6583201031756691
0.5346886095205676,0.9738951750324244,0.015005838078913215,0.30434782608695654,0.2737574261129765
0.8724687751393285,0.8875877894481649,0.012510921568530274,0.43478260869565216,0.49889029181579914
0.7288847861745789,0.932064695793483,0.31785912865151367,0.08695652173913043,0.26859189486883395
0.8047334567842335,1.0,0.48500589596977756,0.21739130434782608,0.2922762331931623
0.6539490612953378,0.169454383228545,0.7703790513955212,0.34782608695652173,0.7238619221054203
0.6881236952965588,0.39438289338866606,0.6821512507896554,0.21739130434782608,0.5767284008829048
0.8482353812135897,0.7605826084895929,0.4417179778976944,0.34782608695652173,0.5152836180829983
0.23651004280077204,0.6976423191092817,0.26723537015399784,0.2608695652173913,0.24913633877427976
0.48114497512853993,0.1492228214905129,1.0,0.34782608695652173,0.6547859308056381
0.20747247169820593,0.81884600793395,0.4217439755875028,0.7391304347826086,0.24129852953164277
0.9895250283705173,0.22058660398463537,0.44727254078173884,0.4782608695652174,0.9300943094349587
0.945029119459168,0.21995641361460683,0.1558235727854537,0.30434782608695654,0.876126972294341
0.021991380904239355,0.5367493869788292,0.7950937327809137,0.30434782608695654,0.21229761440882555
0.7016928702576595,0.5933647326427874,0.69267113811288,0.7391304347826086,0.5425481807185562
0.9258353773447172,0.5803617568446228,0.2137013062992676,0.8260869565217391,0.6966085312410268
0.16601165358149883,0.0860891006020581,0.07354021327137156,0.6086956521739131,0.7436522430689068
0.5612627769210685,0.8811893252288346,0.6793193632243064,0.2608695652173913,0.23956839186634427
0.9158767849351668,0.2622239907046159,0.6529984115354185,0.43478260869565216,0.8294195591627269
0.01639903778282492,0.12455874090623942,0.26686352843098576,0.8260869565217391,0.5510696884906383
0.6933720492813429,0.8926076020086092,0.9531465369282919,0.6521739130434783,0.3732678865079355
0.2851611355507122,0.9602878576649055,0.1430966948568452,0.13043478260869565,0.08240051667319181
0.9249659184480323,0.8656780405775321,0.4279762904116407,0.21739130434782608,0.42675608629200124
0.9725773314418846,0.8124556083481854,0.9458060646844212,0.9130434782608695,0.47114317659863647
0.9452404834467438,0.6563901877060058,0.41520732553111234,0.08695652173913043,0.5163026197661247
0.46562475773651935,0.5507935341044145,0.6368084004155802,0.34782608695652173,0.43639832215448005
0.8613437593940498,0.08153677125609593,0.3927909209308558,0.3913043478260869,0.9215297529074091
0.8434945977954114,0.4067358756937697,0.2678314443826917,0.5652173913043478,0.8082286530280665
0.3073551460898625,0.370555904146601,0.9866847586359571,0.43478260869565216,0.46657203955047555
0.827542593244637,0.25630984906832543,0.4046808940116134,0.7391304347826086,0.8351027736349004
0.01952298486821169,0.7253599591768859,0.8956551219587578,0.9130434782608695,0.0855826197173033
0.590163704260867,0.4951734889666569,0.22300394378569433,0.4782608695652174,0.626076568217399
0.21645089535562967,0.07552724966866353,0.2059382228869384,0.9565217391304348,0.6145351959882492
0.10478229151597462,0.21627980039484573,0.02163686274525299,0.4782608695652174,0.5932039915440719
0.060281264716806726,0.6847322826834895,0.6501175907703756,0.5217391304347826,0.22286448636039968
0.6922175371435786,0.07055481945330466,0.3633505535828343,0.5217391304347826,0.9156469023842801
0.32855230422135606,0.8546305335328866,0.8655332362929603,0.7826086956521738,0.20997916451605092
0.7212749321421847,0.4944358138304489,0.4693749377307486,0.7826086956521738,0.6395799229865975
0.04844845983745172,0.47970680384373676,0.970698369158056,0.9565217391304348,0.22855618778721642
0.3034674915287172,0.5928264034921952,0.17800579133572225,0.5652173913043478,0.47880624268729255
0.5322299288573582,0.8277965840200056,0.8698527808696626,0.13043478260869565,0.2202216273306612
0.7885732419182847,0.3453877133070101,0.7766477626792456,0.5217391304347826,0.7423881996167707
0.30700009614519774,0.679428797924651,0.7709000671782976,0.30434782608695654,0.2589922291859297
0.6203878667014835,0.5658408412205224,0.845707491314496,0.9565217391304348,0.44482651546555196
0.8857658284035759,0.263668801899119,0.7608754385423471,0.8695652173913043,0.7741421078820891
0.6101556498414118,0.8823720240284701,0.6243451599155433,0.9565217391304348,0.27223911496275033
0.21946156504590908,0.800225173701205,0.12302990921873143,0.7826086956521738,0.265029542036193
0.0066596388510500315,0.6596373123817757,0.023046789778874054,0.4782608695652174,0.2973983560236402
0.8695638902702394,0.8539980893530287,0.9227463714440484,0.7391304347826086,0.4548721954587731
0.0034645588105872704,0.8709046151513121,0.6146525770359096,0.21739130434782608,0.0
0.874260335342617,0.7101279889010713,0.7968436044924883,0.7391304347826086,0.5316683540012925
0.5214610407740212,0.8402721415196902,0.4777938510531813,0.7826086956521738,0.32718830047195113
0.9399359207995628,0.6991100089406778,0.1089147148490765,0.9130434782608695,0.6053971936895934
0.796797299107552,0.6815780867687063,0.11689321699803461,0.17391304347826086,0.48768980874003387
1.0000000000000002,0.619334255473656,0.684450235166905,1.0,0.5838052360845112
0.33960963718032366,0.754996656512242,0.4259213973776079,0.34782608695652173,0.27717170837569016
0.7645595369550893,0.15398670048054452,0.19319711711409326,0.08695652173913043,0.7631238355532726
0.3918708140164573,0.8846388152126851,0.4879950542400541,0.3913043478260869,0.24009120679377305
0.47140134552800284,0.8755067656459486,0.05513535044404885,0.7826086956521738,0.34356526781890406
0.6220347929017482,0.02312686258127783,0.5795294856186107,0.08695652173913043,0.7314819683559899
0.8732149316794955,0.828945556623543,0.2625427639801944,0.9130434782608695,0.4755764547714578
0.9858675603028793,0.12390619716783036,0.7978785018245411,0.6086956521739131,0.9841879581565096
0.7656667393087668,0.33255000785078115,0.30444118039232404,0.0,0.6190173110055424
0.4080288713981548,0.7456813517207056,0.45115476144451166,0.2608695652173913,0.2940140379457945
0.41169213636737556,0.15616651121029945,0.0018733839529399242,0.4782608695652174,0.7526806287478243
0.7343512006985213,0.8210046844574582,0.06347881552019051,0.6956521739130435,0.5187539748499601
0.22539759954493377,0.8353363377154938,0.38762474613425507,0.8695652173913043,0.1932951434443999
0.09448417626234096,0.5069000861061178,0.4761900520587333,1.0,0.27501132723978805
0.3435995372758711,0.0,0.5978098111684719,0.8260869565217391,0.729589315180101
0.2748454264053861,0.2839110059156048,0.2855022924240607,0.17391304347826086,0.48752508585515786
0.28409907125888334,0.6176302368245424,0.6939874449310592,0.13043478260869565,0.2396621564447512
0.2201230308541151,0.9861190289137153,0.8612431294617516,0.4782608695652174,0.09757485107438058
0.02471200799806028,0.6326896987079401,0.779943578816232,0.8260869565217391,0.19597190237700812
0.0,0.256360224584809,0.03023028055488227,1.0,0.43309181142486164
0.9895805165341287,0.6349073288585722,0.47676544116994957,0.7391304347826086,0.6877464851011525
0.41823880729353125,0.539795304997757,0.09637816271308357,0.6956521739130435,0.5289281257088598
0.37390837978613867,0.7824404128881027,0.23524921166707324,0.7826086956521738,0.3419403302385522
0.6752374642909225,0.10176280558618445,0.9894040935975196,0.34782608695652173,0.7581692971288589
0.20445678549085056,0.7634044242270316,0.13442467662342047,0.13043478260869565,0.17015380367846467
0.9510510397548224,0.5410913803747882,0.49538207984095156,0.8695652173913043,0.6779699009438189
0.7841060157912378,0.9677135962864282,0.6161772787405172,0.043478260869565216,0.22617080689211333
0.07299252570941084,0.33938173452431963,0.7015663751318097,0.13043478260869565,0.30635438933214987
0.4078390806210186,0.6335074510264592,0.5569208505408244,0.043478260869565216,0.2640192312440832
0.8787668289100765,0.936390166068355,0.0,0.6086956521739131,0.5535387099773286
0.9457154881346914,0.09723998155372393,0.3207467354239633,0.043478260869565216,0.840537322441469
0.4586734443622835,0.9416509311141318,0.5144466671660165,0.13043478260869565,0.14954066415554434
0.6076539677690882,0.6894129664425767,0.07909592627630772,0.21739130434782608,0.43396607425411005
0.1521947478754735,0.0621647170612144,0.3452218795611861,0.2608695652173913,0.588094635850196
0.9930968683725581,0.2979981324167492,0.02373238941000634,0.3913043478260869,0.9065555741481972
0.2181475912696158,0.7099348843680117,0.06968896053100321,0.7826086956521738,0.32525139570332917
0.9436745439093512,0.06167261100738053,0.39211120322349047,0.7826086956521738,0.9999999999999998
0.6446264523944183,0.5824702101131639,0.12451962504303933,0.9130434782608695,0.5464744633975462
0.6018639209209784,0.34343919719421667,0.5649141007331484,0.4782608695652174,0.6625242353137328
